{
   "Sensor":
   [
      {
         "BuildNumber":"2.0.1",
         "ISSVersion":"0.0.0",
         "SensorCoreAPIVersion":"1.0",
         "FriendlyName":"Hinge Sensor",
         "SensorName":"INTEL_INTEL_ORIENTATION_HINGE",
         "SensorTypeId":"523",
         "ModelId":"0",
         "ModelName":"",
         "VendorId":"0",
         "Flags":"128",
         "ObjectType":"Virtual",
         "InitFunctionName":"INTEL_INTEL_ORIENTATION_HINGE_init",
         "Dependencies":
         [
            {
               "FriendlyName":"MOTION_ACCELEROMETER_3D Sensor",
               "SensorName":"ACC1",
               "SensorTypeId":"115",
               "ModelId":"-1",
               "ModelName":"",
               "VendorId":"-1",
               "InstanceId":"0",
               "Flags":"0",
               "DependencyType":"MANDATORY",
               "Configuration":"ALGO_REPORTER_CONFIG_AUTO_CONFIG",
               "ReportIntervalMin":"20",
               "ReportIntervalMax":"20",
               "Sensitivity":"0"
            },
            {
               "FriendlyName":"MOTION_ACCELEROMETER_3D Sensor",
               "SensorName":"ACC2",
               "SensorTypeId":"115",
               "ModelId":"-1",
               "ModelName":"",
               "VendorId":"-1",
               "InstanceId":"1",
               "Flags":"0",
               "DependencyType":"MANDATORY",
               "Configuration":"ALGO_REPORTER_CONFIG_AUTO_CONFIG",
               "ReportIntervalMin":"20",
               "ReportIntervalMax":"20",
               "Sensitivity":"0"
            }

         ]

      }

   ]

}