{
   "Sensor":
   [
      {
         "BuildNumber":"2.0.1",
         "ISSVersion":"0.0.0",
         "SensorCoreAPIVersion":"1.0",
         "FriendlyName":"Physical Accelerometer Sensor",
         "SensorName":"MOTION_ACCELEROMETER_3D_ST_MICRO_LSM303D",
         "SensorTypeId":"115",
         "ModelId":"1",
         "ModelName":"LSM303D",
         "VendorId":"1",
         "Flags":"2",
         "ObjectType":"Physical",
         "InitFunctionName":"MOTION_ACCELEROMETER_3D_ST_MICRO_LSM303D_init",
         "BusInfo":
         [
            {
               "BusType":"I2C",
               "Addresses":
               {
                  "Address":
                  [
                     "29"
                  ]

               }

            }

         ],
         "GPInputs":
         {
            "GPInput":
            [
               {
                  "Name":"SC_GPIO_PURPOSE_MOVEMENT_DETECT",
                  "PurposeId":3
               }

            ]

         },
         "SupportedCalibrationFormats":
         [
            {
               "FormatId":"0"
            }

         ]

      }

   ]

}